First Name,Last Name,Email,Start Date,End Date,Record Type Id,External Id
Ingmar,Benduhn,ibenduhn0@qq.com,11/16/2022,1/17/2023,Humanitarian,982ntfbnowo
Karyn,Chern,kchern1@canalblog.com,4/2/2023,8/3/2023,Humanitarian,968fjyfmgir
Binni,Le Barr,blebarr2@china.com.cn,8/26/2023,6/30/2023,Biomedical,068tdpolmje
Colver,Nelhams,cnelhams3@woothemes.com,4/3/2023,5/21/2023,Biomedical,202ekesgvcb
Crosby,Rooms,crooms4@admin.ch,4/30/2023,9/18/2023,Biomedical,585oworzblp
Jenifer,Ferrand,jferrand5@vimeo.com,4/21/2023,8/7/2023,Biomedical,173gqzuryka
Ranee,Reye,rreye6@flavors.me,1/31/2023,10/29/2022,Training Services,921vyyxoerm
Kiley,Bellany,kbellany7@apache.org,11/6/2022,3/24/2023,Humanitarian,323dfoemdij
Karly,Shearsby,kshearsby8@dot.gov,12/26/2022,7/23/2023,Humanitarian,008ecwcbkdk
Alden,Gooding,agooding9@shareasale.com,4/23/2023,8/13/2023,Biomedical,234zbsfenfg
Miranda,Trippitt,mtrippitta@un.org,4/28/2023,12/9/2022,Biomedical,667hncelnqf
Daron,Belderfield,dbelderfieldb@senate.gov,7/5/2023,2/3/2023,Fundraising,365rgrffgtw
Bart,McDermid,bmcdermidc@infoseek.co.jp,9/28/2023,8/27/2023,Humanitarian,291wvoqdlvm
Tristan,Shernock,tshernockd@digg.com,7/22/2023,4/20/2023,Humanitarian,659dilblhiu
Parke,Galbreath,pgalbreathe@techcrunch.com,11/8/2022,7/20/2023,Humanitarian,087lvwlpbfz
Nike,Noakes,nnoakesf@techcrunch.com,8/9/2023,5/16/2023,Training Services,842giuoxlqw
Min,Krysztowczyk,mkrysztowczykg@foxnews.com,5/15/2023,11/12/2022,Biomedical,285bnrsteqi
Nalani,Roycroft,nroycrofth@wikia.com,4/10/2023,3/1/2023,Biomedical,709mngvyhgi
Carey,Mascall,cmascalli@quantcast.com,5/30/2023,5/6/2023,Fundraising,195udsidksq
Ike,Chasteney,ichasteneyj@bravesites.com,10/17/2023,11/11/2022,Humanitarian,390fkmtkomf
Florrie,Langfat,flangfatk@prnewswire.com,9/6/2023,1/7/2023,Fundraising,458wlxcclho
Walt,Avrahamof,wavrahamofl@sfgate.com,8/28/2023,3/23/2023,Humanitarian,181quqnkzmc
Giraud,Barnwell,gbarnwellm@wisc.edu,3/10/2023,11/27/2022,Fundraising,334iexltlpc
Jillana,Gumbley,jgumbleyn@nsw.gov.au,12/9/2022,4/17/2023,Training Services,638codztmjh
Octavius,Becket,obecketo@bbc.co.uk,3/26/2023,5/18/2023,Training Services,435tmntiygi
Simon,Ellerby,sellerbyp@typepad.com,4/30/2023,8/12/2023,Training Services,521coscpysb
Wallace,Gland,wglandq@cmu.edu,4/2/2023,1/15/2023,Fundraising,817irftrrmp
Jared,Kornes,jkornesr@usatoday.com,11/20/2022,3/17/2023,Biomedical,063neebucbp
Giacobo,Roaf,groafs@mac.com,5/16/2023,8/8/2023,Fundraising,271sgmiacqb
Rosabella,Lalonde,rlalondet@europa.eu,9/9/2023,8/9/2023,Biomedical,415ruxxixle
Evaleen,Howlett,ehowlettu@ifeng.com,1/19/2023,2/26/2023,Training Services,341zuqvwrat
Romy,Messam,rmessamv@github.com,5/13/2023,2/18/2023,Humanitarian,818vrfsbabs
Angelique,Pepperill,apepperillw@hibu.com,8/17/2023,6/13/2023,Fundraising,817mibnxdol
Lizette,Furnell,lfurnellx@google.de,8/13/2023,3/19/2023,Training Services,546zrjhkdue
Benedicto,Whiteford,bwhitefordy@theatlantic.com,3/13/2023,12/18/2022,Humanitarian,578bbastdki
Deborah,Bernardino,dbernardinoz@barnesandnoble.com,2/23/2023,5/4/2023,Humanitarian,599hnxceqyt
Trevar,McGrill,tmcgrill10@liveinternet.ru,10/5/2023,9/4/2023,Fundraising,855rsiecyzd
Broddy,Geffinger,bgeffinger11@hao123.com,6/12/2023,9/6/2023,Biomedical,361zgjngmdi
Magdaia,Eastby,meastby12@upenn.edu,12/12/2022,6/27/2023,Biomedical,839bqvuvpyq
Budd,Waller-Bridge,bwallerbridge13@wufoo.com,12/10/2022,12/24/2022,Fundraising,617dfuvuzit
Julina,Ratcliff,jratcliff14@sciencedaily.com,8/2/2023,4/16/2023,Fundraising,774iygqgktk
Nap,Smethurst,nsmethurst15@zdnet.com,9/17/2023,4/10/2023,Biomedical,809ohzpjpul
Fonz,Paladino,fpaladino16@nasa.gov,10/19/2023,8/7/2023,Biomedical,838hwpzrgei
Bone,Aldin,baldin17@amazon.com,12/21/2022,12/16/2022,Biomedical,476tvobvaqp
Rubie,Gifford,rgifford18@earthlink.net,12/8/2022,10/22/2023,Humanitarian,424lhdjcaxk
Nady,Bust,nbust19@icio.us,8/29/2023,9/2/2023,Biomedical,384osstnjol
Yelena,Brisseau,ybrisseau1a@soup.io,9/2/2023,9/24/2023,Humanitarian,846aaidxidd
Willie,Sketcher,wsketcher1b@histats.com,9/29/2023,7/9/2023,Humanitarian,919znlsanpp
Glennie,Whiff,gwhiff1c@ameblo.jp,10/3/2023,1/13/2023,Biomedical,473vmogjudn
Erick,Mattheissen,emattheissen1d@yellowpages.com,6/14/2023,8/19/2023,Fundraising,588awkvayrz
Bobbie,Duffit,bduffit1e@sciencedaily.com,6/20/2023,10/19/2023,Fundraising,068bubkbhwc
Cristie,Duxbarry,cduxbarry1f@meetup.com,6/18/2023,1/17/2023,Humanitarian,452vrilajpb
Tasha,Hindmore,thindmore1g@sohu.com,11/5/2022,11/21/2022,Humanitarian,110ereyalph
Madelene,Lardier,mlardier1h@go.com,8/28/2023,7/26/2023,Humanitarian,952ugaigmch
Elissa,Chadney,echadney1i@disqus.com,10/18/2023,8/6/2023,Fundraising,474hxvtsvnp
Lane,Ballston,lballston1j@github.com,1/26/2023,9/25/2023,Biomedical,657ogkmwnvu
Valaree,Grendon,vgrendon1k@si.edu,12/23/2022,11/3/2022,Fundraising,061gdwnfgki
Kiley,Marven,kmarven1l@comsenz.com,12/7/2022,9/10/2023,Humanitarian,423xsngaobp
Barclay,Berfoot,bberfoot1m@comsenz.com,1/14/2023,10/7/2023,Humanitarian,827pnwjpcwd
Dougy,Morlon,dmorlon1n@netvibes.com,11/27/2022,8/27/2023,Fundraising,929paugirdb
Sondra,Bunhill,sbunhill1o@mapy.cz,8/4/2023,12/25/2022,Fundraising,334imbusupe
Chastity,Arundell,carundell1p@tamu.edu,1/21/2023,5/7/2023,Fundraising,717siigvszh
Bent,Josipovic,bjosipovic1q@jalbum.net,5/24/2023,8/13/2023,Biomedical,257ryqacipu
Cord,Margery,cmargery1r@ucoz.com,10/5/2023,8/14/2023,Fundraising,742pftaactc
Thorsten,Mattedi,tmattedi1s@biglobe.ne.jp,5/27/2023,5/4/2023,Humanitarian,848cydjibek
Standford,Ewens,sewens1t@myspace.com,4/13/2023,2/21/2023,Biomedical,831dhcgsyla
Benoit,Chedzoy,bchedzoy1u@pbs.org,8/13/2023,7/29/2023,Fundraising,563antqrqna
Worthington,Doxey,wdoxey1v@1688.com,2/16/2023,8/5/2023,Humanitarian,989zhcobrcx
Abbott,Sibbs,asibbs1w@fc2.com,3/13/2023,2/22/2023,Biomedical,862sdypsgyv
Christye,Mee,cmee1x@ask.com,4/21/2023,12/31/2022,Humanitarian,327ibrkbsvt
Natala,Krochmann,nkrochmann1y@npr.org,7/21/2023,3/21/2023,Humanitarian,674enhedycm
Sherri,Busk,sbusk1z@cam.ac.uk,10/6/2023,9/24/2023,Biomedical,727tsmhfxmc
Garrott,Bosch,gbosch20@samsung.com,5/7/2023,9/29/2023,Fundraising,128mstihpwu
Findley,Bruhnsen,fbruhnsen21@tripadvisor.com,9/12/2023,3/22/2023,Biomedical,446vqsbwxfk
Wesley,Restall,wrestall22@prlog.org,10/4/2023,3/19/2023,Training Services,029qtaloesj
Aundrea,Dethloff,adethloff23@rambler.ru,1/29/2023,12/8/2022,Humanitarian,828ozgrleca
Kingsley,Hyslop,khyslop24@spiegel.de,12/31/2022,5/1/2023,Biomedical,407yjmkwukm
Trudi,Bogaert,tbogaert25@google.com.br,6/19/2023,2/4/2023,Fundraising,038zskgrdwk
Rana,Sedgeman,rsedgeman26@youku.com,4/14/2023,9/29/2023,Fundraising,121amknwnlp
Broddy,Mellmer,bmellmer27@jalbum.net,2/13/2023,12/26/2022,Humanitarian,211mvrymcen
Thorvald,Almack,talmack28@artisteer.com,3/16/2023,9/15/2023,Humanitarian,140npcfomzk
Kipp,Wisker,kwisker29@cocolog-nifty.com,10/15/2023,12/19/2022,Training Services,322mxbwlwqj
Loren,Maxfield,lmaxfield2a@vimeo.com,11/5/2022,10/27/2022,Training Services,752ggwrdxpi
Minetta,Dyter,mdyter2b@whitehouse.gov,5/27/2023,4/21/2023,Fundraising,935lmoxwyld
Dominique,Piechnik,dpiechnik2c@home.pl,1/16/2023,5/13/2023,Biomedical,401apdhlcnu
Orville,Stowell,ostowell2d@huffingtonpost.com,6/4/2023,7/21/2023,Fundraising,600kgnhwqmd
Morganne,Worster,mworster2e@ebay.com,12/7/2022,6/16/2023,Humanitarian,829gqpcwelq
Myrna,Galia,mgalia2f@elegantthemes.com,5/31/2023,6/24/2023,Training Services,945ibbtwruz
Casey,Lockyear,clockyear2g@zimbio.com,4/28/2023,2/28/2023,Fundraising,205tjcykimc
Isa,Muxworthy,imuxworthy2h@desdev.cn,6/4/2023,5/4/2023,Humanitarian,439hvolabhj
Shepard,Whitelaw,swhitelaw2i@163.com,9/29/2023,5/9/2023,Humanitarian,891fjuqsdhk
Brien,Lecount,blecount2j@apple.com,11/19/2022,8/26/2023,Training Services,758efreezgq
Timmie,Le Lievre,tlelievre2k@goodreads.com,12/2/2022,12/5/2022,Biomedical,020hbwzphad
Wilden,Bootell,wbootell2l@bravesites.com,7/6/2023,8/29/2023,Training Services,014ytfglcdb
Damien,Ballaam,dballaam2m@tinypic.com,10/4/2023,4/30/2023,Humanitarian,922cyjpwivy
Ellynn,Fenich,efenich2n@whitehouse.gov,4/13/2023,8/3/2023,Biomedical,510pgvfhrof
Thaddeus,Sherr,tsherr2o@discuz.net,4/6/2023,11/26/2022,Fundraising,959eaatscdm
Josias,Gagin,jgagin2p@surveymonkey.com,3/26/2023,5/26/2023,Training Services,522rkuvhksh
Wendel,Kristiansen,wkristiansen2q@rediff.com,8/12/2023,4/19/2023,Humanitarian,265yydqckeo
Layton,Colbrun,lcolbrun2r@nba.com,8/22/2023,8/4/2023,Humanitarian,406rboufcwn
